{
  "device": "smart_plug",
  "algorithm": "ECOD",
  "threshold": 62.401919610460936,
  "threshold_pct": 99,
  "fpr_target_pct": 1,
  "feature_names": [
    "fwd_total_packets",
    "fwd_total_bytes",
    "fwd_avg_pkt_size",
    "fwd_std_pkt_size",
    "fwd_min_pkt_size",
    "fwd_max_pkt_size",
    "fwd_avg_iat",
    "fwd_std_iat",
    "fwd_syn_count",
    "fwd_ack_count",
    "fwd_fin_count",
    "fwd_rst_count",
    "fwd_psh_count",
    "rev_total_packets",
    "rev_total_bytes",
    "rev_avg_pkt_size",
    "rev_std_pkt_size",
    "rev_min_pkt_size",
    "rev_max_pkt_size",
    "rev_avg_iat",
    "rev_std_iat",
    "rev_syn_count",
    "rev_ack_count",
    "rev_fin_count",
    "rev_rst_count",
    "rev_psh_count",
    "flow_duration",
    "total_packets",
    "total_bytes",
    "fwd_rev_packet_ratio",
    "fwd_rev_byte_ratio",
    "unique_dst_ips",
    "unique_dst_ports",
    "connection_degree",
    "dst_entropy",
    "is_standard_port",
    "is_internal_only",
    "is_night_traffic",
    "is_known_pair"
  ],
  "n_train": 2218,
  "d_features": 39,
  "gamma": [
    0.0,
    0.0,
    -2.5424244106321454e-15,
    -5.040224252813928e-16,
    0.0,
    0.0,
    4.466198866882549,
    8.852266046465166,
    0.0,
    0.0,
    0.0,
    0.0,
    0.0,
    0.0,
    0.0,
    0.0,
    1.2537994022860078e-15,
    0.0,
    0.0,
    6.748003958811109,
    13.511116621504168,
    0.0,
    0.0,
    0.0,
    0.0,
    0.0,
    3.499972161035734,
    0.0,
    0.0,
    0.0,
    4.596857148094393e-16,
    0.0,
    0.010755002101218634,
    0.010755002101218634,
    0.0,
    0.0,
    0.0,
    -0.4605072364401228,
    0.0
  ],
  "train_stats": {
    "mean": [
      4.0,
      315.5,
      74.58335000000001,
      14.048750000000002,
      66.0,
      105.5,
      7.336384129846708e-05,
      4.314788097385032e-05,
      0.5,
      3.5,
      1.0,
      0.0,
      1.5,
      1.5,
      105.0,
      35.0,
      1.6329999999999993,
      33.0,
      37.0,
      8.104057709648332e-05,
      2.7038322813345358e-05,
      0.5,
      1.5,
      0.0,
      0.0,
      0.5,
      0.000302238954012624,
      5.5,
      420.5,
      2.0,
      67.18809999999999,
      1.0,
      1.5,
      1.5,
      0.0,
      0.5,
      1.0,
      0.612263300270514,
      0.5
    ],
    "std": [
      2.0,
      183.5,
      8.583350000000003,
      14.048749999999998,
      0.0,
      39.5,
      6.671212322407437e-05,
      8.577147246723549e-05,
      0.5,
      1.5,
      0.0,
      0.0,
      1.5,
      1.5,
      105.0,
      35.0,
      1.633,
      33.0,
      37.0,
      0.00012559983823006335,
      9.049781105852518e-05,
      0.5,
      1.5,
      0.0,
      0.0,
      0.5,
      0.0003696707216566159,
      3.5,
      288.5,
      0.0,
      64.8119,
      0.0,
      0.5009009016314353,
      0.5009009016314353,
      0.0,
      0.5,
      0.0,
      0.4872339801495503,
      0.5
    ],
    "median": [
      4.0,
      315.5,
      74.58335,
      14.04875,
      66.0,
      105.5,
      4.9e-05,
      7e-06,
      0.5,
      3.5,
      1.0,
      0.0,
      1.5,
      1.5,
      105.0,
      35.0,
      1.633,
      33.0,
      37.0,
      1.6e-05,
      0.0,
      0.5,
      1.5,
      0.0,
      0.0,
      0.5,
      0.00015,
      5.5,
      420.5,
      2.0,
      67.1881,
      1.0,
      1.0,
      1.0,
      0.0,
      0.5,
      1.0,
      1.0,
      0.5
    ],
    "p95": [
      6.0,
      499.0,
      83.1667,
      28.0975,
      66.0,
      145.0,
      0.000151,
      0.000106,
      1.0,
      5.0,
      1.0,
      0.0,
      3.0,
      3.0,
      210.0,
      70.0,
      3.266,
      66.0,
      74.0,
      0.0002091500000000001,
      6.815000000000008e-05,
      1.0,
      3.0,
      0.0,
      0.0,
      1.0,
      0.0007513000000000002,
      9.0,
      709.0,
      2.0,
      132.0,
      1.0,
      2.0,
      2.0,
      0.0,
      1.0,
      1.0,
      1.0,
      1.0
    ],
    "p99": [
      6.0,
      499.0,
      83.1667,
      28.0975,
      66.0,
      145.0,
      0.0003006399999999994,
      0.00037181999999999607,
      1.0,
      5.0,
      1.0,
      0.0,
      3.0,
      3.0,
      210.0,
      70.0,
      3.266,
      66.0,
      74.0,
      0.00040448999999999975,
      0.00028582999999999994,
      1.0,
      3.0,
      0.0,
      0.0,
      1.0,
      0.0014688099999999994,
      9.0,
      709.0,
      2.0,
      132.0,
      1.0,
      2.0,
      2.0,
      0.0,
      1.0,
      1.0,
      1.0,
      1.0
    ]
  },
  "score_stats": {
    "min": 17.97473063193759,
    "median": 21.29043981461029,
    "p95": 29.40675171460647,
    "p99": 37.616160293073975,
    "max": 54.26253879170517
  }
}