{
  "device": "gateway",
  "algorithm": "ECOD",
  "threshold": 112.09129149789186,
  "threshold_pct": 99,
  "fpr_target_pct": 1,
  "feature_names": [
    "fwd_total_packets",
    "fwd_total_bytes",
    "fwd_avg_pkt_size",
    "fwd_std_pkt_size",
    "fwd_min_pkt_size",
    "fwd_max_pkt_size",
    "fwd_avg_iat",
    "fwd_std_iat",
    "fwd_syn_count",
    "fwd_ack_count",
    "fwd_fin_count",
    "fwd_rst_count",
    "fwd_psh_count",
    "rev_total_packets",
    "rev_total_bytes",
    "rev_avg_pkt_size",
    "rev_std_pkt_size",
    "rev_min_pkt_size",
    "rev_max_pkt_size",
    "rev_avg_iat",
    "rev_std_iat",
    "rev_syn_count",
    "rev_ack_count",
    "rev_fin_count",
    "rev_rst_count",
    "rev_psh_count",
    "flow_duration",
    "total_packets",
    "total_bytes",
    "fwd_rev_packet_ratio",
    "fwd_rev_byte_ratio",
    "unique_dst_ips",
    "unique_dst_ports",
    "connection_degree",
    "dst_entropy",
    "is_standard_port",
    "is_internal_only",
    "is_night_traffic",
    "is_known_pair"
  ],
  "n_train": 75454,
  "d_features": 39,
  "gamma": [
    2.310750912624415,
    7.570882567762749,
    7.6015425864569846,
    7.353882844666046,
    4.873940901684167,
    9.41579709699777,
    79.67417045701008,
    274.4858525401462,
    -0.5513756907314504,
    2.4078195023038176,
    -1.0952296959297716,
    0.0,
    5.553943799208466,
    5.348212677396568,
    1.7249056114251307,
    -0.2550164679826185,
    -0.13136858975105734,
    -0.9184131721079636,
    -0.14187066822917996,
    80.34039678238149,
    71.4341140277632,
    -0.5503108729274057,
    4.069601250748225,
    59.91581728939466,
    0.0,
    7.844300408553092,
    78.6446892591587,
    3.7224242214445087,
    4.080764111615621,
    -0.584200014943023,
    2.5330577819581057,
    -2.528643739663342,
    -2.0513462440903933,
    -2.505372919125154,
    -2.4622736473515845,
    -2.5294399065859183,
    0.0,
    -0.4609978799849036,
    -2.5294399065859183
  ],
  "train_stats": {
    "mean": [
      3.8813051660614413,
      344.9115222519681,
      87.03178200758077,
      21.795008800063616,
      75.19394598033239,
      138.2212473825112,
      0.007839331009621756,
      0.0005284457682826622,
      0.6328889124499695,
      2.988827630079254,
      0.7401595674185597,
      0.0,
      0.9443104407983672,
      2.310772126063562,
      646.5531979749251,
      222.7330318445676,
      214.72875560208868,
      69.11384419646407,
      531.7136666048189,
      0.007693355474858855,
      0.00018657625838259072,
      0.6326503565086012,
      2.050944946589975,
      0.000278315264929626,
      0.0,
      0.7429294669600022,
      0.010304312243221037,
      6.192077292125004,
      991.4647202268932,
      1.5560946828531292,
      14.893813279614072,
      5.460770800752776,
      15.5281363479736,
      99.52947491186683,
      1.070259058499218,
      0.892212473825112,
      1.0,
      0.612306835953031,
      0.892212473825112
    ],
    "std": [
      2.4769859921724393,
      382.9810184376077,
      16.12104910932875,
      34.457753255194014,
      16.097673728159094,
      147.63183309387935,
      0.5320263787832833,
      0.08791270141889766,
      0.48201715420497676,
      2.4140802746944576,
      0.43854689849243067,
      0.0,
      1.463890169295641,
      1.984418938985756,
      587.3800955538409,
      142.78616001594133,
      199.96419235767164,
      29.329880160968,
      428.23393555315926,
      0.5302102907072958,
      0.0018615375397603984,
      0.4820828589756547,
      2.1933658760605748,
      0.016680461790458116,
      0.0,
      1.2489272459409126,
      0.5741638364849253,
      4.379091411579851,
      915.9682130816299,
      0.3601104850100816,
      40.649429911271085,
      1.550594764760516,
      5.1332726984002495,
      33.03284693200498,
      0.37454607619594754,
      0.31011187558038766,
      0.0,
      0.48722394706974226,
      0.31011187558038766
    ],
    "median": [
      5.0,
      412.0,
      82.4,
      28.9662,
      66.0,
      140.0,
      8.5e-05,
      4.8e-05,
      1.0,
      4.0,
      1.0,
      0.0,
      1.0,
      3.0,
      1065.0,
      355.0,
      403.0641,
      66.0,
      925.0,
      0.000104,
      2.9e-05,
      1.0,
      3.0,
      0.0,
      0.0,
      1.0,
      0.000349,
      8.0,
      1477.0,
      1.6667,
      0.3869,
      6.0,
      17.0,
      111.0,
      1.175,
      1.0,
      1.0,
      1.0,
      1.0
    ],
    "p95": [
      6.0,
      505.0,
      102.0,
      30.3008,
      102.0,
      151.0,
      0.000231,
      0.000148,
      1.0,
      5.0,
      1.0,
      0.0,
      3.0,
      3.0,
      1065.0,
      355.0,
      403.0641,
      106.0,
      925.0,
      0.000273,
      0.000125,
      1.0,
      3.0,
      0.0,
      0.0,
      1.0,
      0.000881,
      9.0,
      1477.0,
      2.0,
      132.0,
      6.0,
      18.0,
      113.0,
      1.2786,
      1.0,
      1.0,
      1.0,
      1.0
    ],
    "p99": [
      6.0,
      539.0,
      102.0,
      42.8502,
      102.0,
      185.0,
      0.001946290000000008,
      0.0011854100000000035,
      1.0,
      5.0,
      1.0,
      0.0,
      3.0,
      3.0,
      1065.0,
      355.0,
      403.0641,
      106.0,
      925.0,
      0.0020557600000000093,
      0.0011630500000000175,
      1.0,
      3.0,
      0.0,
      0.0,
      1.0,
      0.007873730000000185,
      9.0,
      1477.0,
      2.0,
      132.0,
      6.0,
      19.0,
      114.0,
      1.2879,
      1.0,
      1.0,
      1.0,
      1.0
    ]
  },
  "score_stats": {
    "min": 12.530182819095923,
    "median": 27.465745736183276,
    "p95": 44.463514884467564,
    "p99": 61.787076045444806,
    "max": 173.82467053570286
  }
}