{
  "device": "web_server",
  "algorithm": "ECOD",
  "threshold": 65.706885254657,
  "threshold_pct": 99,
  "fpr_target_pct": 1,
  "feature_names": [
    "fwd_total_packets",
    "fwd_total_bytes",
    "fwd_avg_pkt_size",
    "fwd_std_pkt_size",
    "fwd_min_pkt_size",
    "fwd_max_pkt_size",
    "fwd_avg_iat",
    "fwd_std_iat",
    "fwd_syn_count",
    "fwd_ack_count",
    "fwd_fin_count",
    "fwd_rst_count",
    "fwd_psh_count",
    "rev_total_packets",
    "rev_total_bytes",
    "rev_avg_pkt_size",
    "rev_std_pkt_size",
    "rev_min_pkt_size",
    "rev_max_pkt_size",
    "rev_avg_iat",
    "rev_std_iat",
    "rev_syn_count",
    "rev_ack_count",
    "rev_fin_count",
    "rev_rst_count",
    "rev_psh_count",
    "flow_duration",
    "total_packets",
    "total_bytes",
    "fwd_rev_packet_ratio",
    "fwd_rev_byte_ratio",
    "unique_dst_ips",
    "unique_dst_ports",
    "connection_degree",
    "dst_entropy",
    "is_standard_port",
    "is_internal_only",
    "is_night_traffic",
    "is_known_pair"
  ],
  "n_train": 39844,
  "d_features": 39,
  "gamma": [
    -53.73668474213743,
    40.18730396228549,
    49.69665479801127,
    47.88073345652012,
    0.0,
    46.489734424321206,
    13.512626253268662,
    19.31776600570542,
    -115.22731299305694,
    -65.44026815350772,
    -47.014780344899265,
    0.0,
    -115.22731299305694,
    -12.831959473319497,
    -13.170623554892659,
    -13.223065809966448,
    -13.154829708135475,
    0.0,
    -13.152529290008632,
    19.605332667444397,
    32.06753557775262,
    -47.014780344899265,
    -12.831959473319497,
    47.014780344899265,
    0.0,
    -115.22731299305694,
    13.52734868110382,
    -93.97860381729697,
    -14.818076243351388,
    -46.44747763358445,
    31.068112077643477,
    115.2273129930569,
    51.27241287824576,
    -11.674506400655048,
    115.40831567921632,
    -51.50793408925579,
    0.0,
    -0.4597147664878975,
    -51.50793408925579
  ],
  "train_stats": {
    "mean": [
      4.998870595321755,
      412.5212579058327,
      82.56298815379981,
      29.227190686176094,
      66.0,
      140.59640096375867,
      0.000138419485995382,
      9.6183415319747e-05,
      0.9999247063547837,
      3.9993223571930527,
      0.999548238128702,
      0.0,
      0.9999247063547837,
      3.0002258809356492,
      1061.6757855636984,
      353.8846375865877,
      401.49162519074395,
      66.0,
      921.664491516916,
      0.00017160335307700033,
      5.936891376367835e-05,
      0.999548238128702,
      3.0002258809356492,
      0.00045176187129806247,
      0.0,
      0.9999247063547837,
      0.0005535902268848509,
      7.999096476257404,
      1474.197043469531,
      1.6662795904025702,
      0.3907266865776528,
      1.0000752936452164,
      2.0203292842084126,
      71.89461399457886,
      7.285915068768196e-06,
      0.9996235317739183,
      1.0,
      0.6120118462001807,
      0.9996235317739183
    ],
    "std": [
      0.05276920804860991,
      13.654817671497748,
      5.35208098051271,
      7.440495540606183,
      0.0,
      15.776572155906305,
      8.468342114524303e-05,
      9.363568358729721e-05,
      0.008676864415405706,
      0.033599783905128744,
      0.021249888999938415,
      0.0,
      0.008676864415405706,
      0.026030593246217114,
      43.033466907941,
      14.461173075545435,
      20.361497605333724,
      0.0,
      43.188348352946186,
      0.000113202021650912,
      9.170280577115004e-05,
      0.021249888999938415,
      0.026030593246217114,
      0.021249888999938415,
      0.0,
      0.008676864415405706,
      0.0003385858372046377,
      0.05622736650362528,
      37.538304237199306,
      0.0189214334309243,
      0.0651310808551351,
      0.008676864415405706,
      1.3395096295213198,
      5.795849411314583,
      0.000840078404795399,
      0.0193991365208988,
      0.0,
      0.48729184921443847,
      0.0193991365208988
    ],
    "median": [
      5.0,
      412.0,
      82.4,
      28.9662,
      66.0,
      140.0,
      0.000144,
      8.9e-05,
      1.0,
      4.0,
      1.0,
      0.0,
      1.0,
      3.0,
      1065.0,
      355.0,
      403.0641,
      66.0,
      925.0,
      0.000175,
      4.6e-05,
      1.0,
      3.0,
      0.0,
      0.0,
      1.0,
      0.000574,
      8.0,
      1477.0,
      1.6667,
      0.3869,
      1.0,
      2.0,
      72.0,
      0.0,
      1.0,
      1.0,
      1.0,
      1.0
    ],
    "p95": [
      5.0,
      412.0,
      82.4,
      28.9662,
      66.0,
      140.0,
      0.000217,
      0.000171,
      1.0,
      4.0,
      1.0,
      0.0,
      1.0,
      3.0,
      1065.0,
      355.0,
      403.0641,
      66.0,
      925.0,
      0.000288,
      0.000135,
      1.0,
      3.0,
      0.0,
      0.0,
      1.0,
      0.000867,
      8.0,
      1477.0,
      1.6667,
      0.3869,
      1.0,
      2.0,
      73.0,
      0.0,
      1.0,
      1.0,
      1.0,
      1.0
    ],
    "p99": [
      5.0,
      412.0,
      82.4,
      28.9662,
      66.0,
      140.0,
      0.0004215699999999997,
      0.00041,
      1.0,
      4.0,
      1.0,
      0.0,
      1.0,
      3.0,
      1065.0,
      355.0,
      403.0641,
      66.0,
      925.0,
      0.000497,
      0.00032113999999999944,
      1.0,
      3.0,
      0.0,
      0.0,
      1.0,
      0.001683709999999999,
      8.0,
      1477.0,
      1.6667,
      0.3869,
      1.0,
      2.0,
      74.0,
      0.0,
      1.0,
      1.0,
      1.0,
      1.0
    ]
  },
  "score_stats": {
    "min": 4.116331774228035,
    "median": 7.876377512532472,
    "p95": 19.152965950374274,
    "p99": 30.55661362363867,
    "max": 227.6764602957495
  }
}