{
  "device": "auth_server",
  "algorithm": "ECOD",
  "threshold": 38.90994997703391,
  "threshold_pct": 99,
  "fpr_target_pct": 1,
  "feature_names": [
    "fwd_total_packets",
    "fwd_total_bytes",
    "fwd_avg_pkt_size",
    "fwd_std_pkt_size",
    "fwd_min_pkt_size",
    "fwd_max_pkt_size",
    "fwd_avg_iat",
    "fwd_std_iat",
    "fwd_syn_count",
    "fwd_ack_count",
    "fwd_fin_count",
    "fwd_rst_count",
    "fwd_psh_count",
    "rev_total_packets",
    "rev_total_bytes",
    "rev_avg_pkt_size",
    "rev_std_pkt_size",
    "rev_min_pkt_size",
    "rev_max_pkt_size",
    "rev_avg_iat",
    "rev_std_iat",
    "rev_syn_count",
    "rev_ack_count",
    "rev_fin_count",
    "rev_rst_count",
    "rev_psh_count",
    "flow_duration",
    "total_packets",
    "total_bytes",
    "fwd_rev_packet_ratio",
    "fwd_rev_byte_ratio",
    "unique_dst_ips",
    "unique_dst_ports",
    "connection_degree",
    "dst_entropy",
    "is_standard_port",
    "is_internal_only",
    "is_night_traffic",
    "is_known_pair"
  ],
  "n_train": 1260,
  "d_features": 39,
  "gamma": [
    -0.30786558589643337,
    -0.3079835710065901,
    -0.3079195702760828,
    -0.30798058024711505,
    0.0,
    -0.3079959936520188,
    3.8392971925223685,
    14.282095939310937,
    -0.3079959936520184,
    -0.30784920484966427,
    0.0,
    0.0,
    -0.30799599365201863,
    -0.2820068470777696,
    -0.30550440727216627,
    -0.2945534546915391,
    -0.3043166169872495,
    -0.307995993652019,
    -0.30799599365201846,
    2.8530516415983067,
    15.318542695605167,
    -0.3079959936520184,
    -0.2820068470777696,
    0.0,
    0.0,
    -0.2966631315897883,
    4.262766403481449,
    -0.30091058446982477,
    -0.30730572882368307,
    0.2749779431359295,
    0.3079958616665066,
    0.0,
    -35.4120079902812,
    -0.30635394269727356,
    0.0,
    -0.3079959936520184,
    0.0,
    -0.4827932293165512,
    -0.3079959936520184
  ],
  "train_stats": {
    "mean": [
      12.373015873015873,
      2297.4285714285716,
      140.03120492063493,
      191.98723619047624,
      66.0,
      951.0285714285715,
      0.005278223015873016,
      0.009201486507936509,
      0.5761904761904761,
      11.796825396825398,
      1.0,
      0.0,
      7.4904761904761905,
      10.968253968253968,
      2359.133333333333,
      124.25769015873017,
      163.12641896825397,
      38.02857142857143,
      678.7523809523809,
      0.005289401587301587,
      0.008786465873015873,
      0.5761904761904761,
      10.968253968253968,
      0.0,
      0.0,
      7.156349206349207,
      0.09594547619047619,
      23.341269841269842,
      4656.561904761905,
      1.4553623809523808,
      56.49048547619048,
      1.0,
      1.9992063492063492,
      2.1515873015873015,
      0.0,
      0.5761904761904761,
      1.0,
      0.6174603174603175,
      0.5761904761904761
    ],
    "std": [
      8.89643599674569,
      1857.1502893624177,
      63.49257812725812,
      164.655335813442,
      0.0,
      759.0311676534685,
      0.004599077308628342,
      0.011561176199457273,
      0.49416091644106014,
      8.402285559317024,
      0.0,
      0.0,
      6.424091913733783,
      9.447882527474633,
      2024.1090671096642,
      106.8020978363744,
      139.98749446177217,
      32.61462048510997,
      582.1215595675689,
      0.005027737777348304,
      0.011271883271527018,
      0.49416091644106014,
      9.447882527474633,
      0.0,
      0.0,
      6.148957790536618,
      0.09425315063588433,
      18.324527191723163,
      3880.8633389610113,
      0.46973626502543464,
      64.75957734676132,
      0.0,
      0.028160626982873284,
      0.988042326625651,
      0.0,
      0.49416091644106014,
      0.0,
      0.4860072775402869,
      0.49416091644106014
    ],
    "median": [
      20.0,
      3890.0,
      194.5,
      333.2194,
      66.0,
      1602.0,
      0.0074494999999999995,
      0.0134965,
      1.0,
      19.0,
      1.0,
      0.0,
      13.0,
      17.0,
      3960.0,
      207.9,
      277.5402,
      66.0,
      1178.0,
      0.008369000000000001,
      0.013867,
      1.0,
      17.0,
      0.0,
      0.0,
      12.0,
      0.141544,
      37.0,
      7850.0,
      1.1765,
      0.9823,
      1.0,
      2.0,
      3.0,
      0.0,
      1.0,
      1.0,
      1.0,
      1.0
    ],
    "p95": [
      20.0,
      3890.0,
      194.5,
      333.2194,
      66.0,
      1602.0,
      0.009451149999999998,
      0.01714715,
      1.0,
      19.0,
      1.0,
      0.0,
      13.0,
      21.0,
      4224.0,
      232.9412,
      294.6424,
      66.0,
      1178.0,
      0.00983235,
      0.0157039,
      1.0,
      21.0,
      0.0,
      0.0,
      13.0,
      0.17957725000000002,
      41.0,
      8114.0,
      2.0,
      132.0,
      1.0,
      2.0,
      3.0,
      0.0,
      1.0,
      1.0,
      1.0,
      1.0
    ],
    "p99": [
      20.0,
      3890.0,
      194.5,
      333.2194,
      66.0,
      1602.0,
      0.00970792,
      0.01773469,
      1.0,
      19.0,
      1.0,
      0.0,
      13.0,
      21.0,
      4224.0,
      232.9412,
      294.6424,
      66.0,
      1178.0,
      0.010204510000000002,
      0.01619905,
      1.0,
      21.0,
      0.0,
      0.0,
      13.0,
      0.18445266000000002,
      41.0,
      8114.0,
      2.0,
      132.0,
      1.0,
      2.0,
      3.0,
      0.0,
      1.0,
      1.0,
      1.0,
      1.0
    ]
  },
  "score_stats": {
    "min": 18.84831543215708,
    "median": 24.77751385422753,
    "p95": 32.838099129002806,
    "p99": 38.90994997703391,
    "max": 101.67987215421525
  }
}