{
  "device": "iot_sensor",
  "algorithm": "ECOD",
  "threshold": 120.78387980647541,
  "threshold_pct": 99,
  "fpr_target_pct": 1,
  "feature_names": [
    "fwd_total_packets",
    "fwd_total_bytes",
    "fwd_avg_pkt_size",
    "fwd_std_pkt_size",
    "fwd_min_pkt_size",
    "fwd_max_pkt_size",
    "fwd_avg_iat",
    "fwd_std_iat",
    "fwd_syn_count",
    "fwd_ack_count",
    "fwd_fin_count",
    "fwd_rst_count",
    "fwd_psh_count",
    "rev_total_packets",
    "rev_total_bytes",
    "rev_avg_pkt_size",
    "rev_std_pkt_size",
    "rev_min_pkt_size",
    "rev_max_pkt_size",
    "rev_avg_iat",
    "rev_std_iat",
    "rev_syn_count",
    "rev_ack_count",
    "rev_fin_count",
    "rev_rst_count",
    "rev_psh_count",
    "flow_duration",
    "total_packets",
    "total_bytes",
    "fwd_rev_packet_ratio",
    "fwd_rev_byte_ratio",
    "unique_dst_ips",
    "unique_dst_ports",
    "connection_degree",
    "dst_entropy",
    "is_standard_port",
    "is_internal_only",
    "is_night_traffic",
    "is_known_pair"
  ],
  "n_train": 6626,
  "d_features": 39,
  "gamma": [
    0.0,
    5.278577885239095e-07,
    6.201356104521387e-06,
    1.0878425034222061e-05,
    0.0,
    1.0222320739510905e-05,
    3.0626306475733647,
    6.324186950135802,
    0.0,
    0.0,
    0.0,
    0.0,
    0.0,
    0.0,
    0.0,
    0.0,
    2.5222832589279818e-16,
    0.0,
    0.0,
    3.338083796013525,
    12.197271744857316,
    0.0,
    0.0,
    0.0,
    0.0,
    0.0,
    2.236862501294236,
    0.0,
    2.1594127523622717e-07,
    0.0,
    -9.643093096127197e-11,
    0.0,
    0.03709797168884496,
    0.07610846768359908,
    0.0,
    0.0,
    0.0,
    -0.46537730140034334,
    0.0
  ],
  "train_stats": {
    "mean": [
      4.0,
      318.506187745246,
      75.08438087835798,
      15.152675233926951,
      66.0,
      108.506187745246,
      7.138469664956234e-05,
      3.935662541503169e-05,
      0.5,
      3.5,
      1.0,
      0.0,
      1.5,
      1.5,
      105.0,
      35.0,
      1.6329999999999998,
      33.0,
      37.0,
      7.627286447328705e-05,
      2.4413069725324477e-05,
      0.5,
      1.5,
      0.0,
      0.0,
      0.5,
      0.00029092906731059464,
      5.5,
      423.506187745246,
      2.0,
      67.20242908240266,
      1.0,
      4.205402958044068,
      4.205402958044068,
      0.0,
      0.5,
      1.0,
      0.6133413824328403,
      0.5
    ],
    "std": [
      2.0,
      186.50620412853246,
      9.08439021409749,
      15.152702498069425,
      0.0,
      42.50625963082337,
      5.574694940244606e-05,
      5.9841555930644596e-05,
      0.5,
      1.5,
      0.0,
      0.0,
      1.5,
      1.5,
      105.0,
      35.0,
      1.6329999999999998,
      33.0,
      37.0,
      9.659908767668902e-05,
      5.488337995363067e-05,
      0.5,
      1.5,
      0.0,
      0.0,
      0.5,
      0.00032013543736772253,
      3.5,
      291.50619822730266,
      0.0,
      64.79757091863901,
      0.0,
      3.225910199535887,
      2.2351041808787193,
      0.0,
      0.5,
      0.0,
      0.4869843231852671,
      0.5
    ],
    "median": [
      4.0,
      318.5,
      75.08335,
      15.1504,
      66.0,
      108.5,
      4.9e-05,
      8.5e-06,
      0.5,
      3.5,
      1.0,
      0.0,
      1.5,
      1.5,
      105.0,
      35.0,
      1.633,
      33.0,
      37.0,
      1.85e-05,
      0.0,
      0.5,
      1.5,
      0.0,
      0.0,
      0.5,
      0.00015,
      5.5,
      423.5,
      2.0,
      67.20475,
      1.0,
      1.5,
      2.0,
      0.0,
      0.5,
      1.0,
      1.0,
      0.5
    ],
    "p95": [
      6.0,
      505.0,
      84.1667,
      30.3008,
      66.0,
      151.0,
      0.000144,
      0.000108,
      1.0,
      5.0,
      1.0,
      0.0,
      3.0,
      3.0,
      210.0,
      70.0,
      3.266,
      66.0,
      74.0,
      0.000203,
      7.575e-05,
      1.0,
      3.0,
      0.0,
      0.0,
      1.0,
      0.000712,
      9.0,
      715.0,
      2.0,
      132.0,
      1.0,
      8.0,
      7.0,
      0.0,
      1.0,
      1.0,
      1.0,
      1.0
    ],
    "p99": [
      6.0,
      505.0,
      84.1667,
      30.3008,
      66.0,
      151.0,
      0.00022175,
      0.000204,
      1.0,
      5.0,
      1.0,
      0.0,
      3.0,
      3.0,
      210.0,
      70.0,
      3.266,
      66.0,
      74.0,
      0.000319,
      0.00019175,
      1.0,
      3.0,
      0.0,
      0.0,
      1.0,
      0.001085,
      9.0,
      715.0,
      2.0,
      132.0,
      1.0,
      8.0,
      7.0,
      0.0,
      1.0,
      1.0,
      1.0,
      1.0
    ]
  },
  "score_stats": {
    "min": 17.941620319036907,
    "median": 21.922659609942677,
    "p95": 31.86719368872891,
    "p99": 43.35890550193398,
    "max": 60.391939903237706
  }
}