{
  "device": "smart_camera",
  "algorithm": "ECOD",
  "threshold": 96.8208117285527,
  "threshold_pct": 99,
  "fpr_target_pct": 1,
  "feature_names": [
    "fwd_total_packets",
    "fwd_total_bytes",
    "fwd_avg_pkt_size",
    "fwd_std_pkt_size",
    "fwd_min_pkt_size",
    "fwd_max_pkt_size",
    "fwd_avg_iat",
    "fwd_std_iat",
    "fwd_syn_count",
    "fwd_ack_count",
    "fwd_fin_count",
    "fwd_rst_count",
    "fwd_psh_count",
    "rev_total_packets",
    "rev_total_bytes",
    "rev_avg_pkt_size",
    "rev_std_pkt_size",
    "rev_min_pkt_size",
    "rev_max_pkt_size",
    "rev_avg_iat",
    "rev_std_iat",
    "rev_syn_count",
    "rev_ack_count",
    "rev_fin_count",
    "rev_rst_count",
    "rev_psh_count",
    "flow_duration",
    "total_packets",
    "total_bytes",
    "fwd_rev_packet_ratio",
    "fwd_rev_byte_ratio",
    "unique_dst_ips",
    "unique_dst_ports",
    "connection_degree",
    "dst_entropy",
    "is_standard_port",
    "is_internal_only",
    "is_night_traffic",
    "is_known_pair"
  ],
  "n_train": 6136,
  "d_features": 39,
  "gamma": [
    -0.05041113572964685,
    -0.0532968797381045,
    0.023983179508027582,
    0.07145137981914067,
    0.0,
    0.04691106142551903,
    33.552029978650815,
    35.47444923238079,
    -0.07238954925164799,
    -0.03553337573540357,
    0.0,
    0.0,
    0.035364416766495356,
    -0.07238954925164769,
    0.910007105534892,
    0.9100071055348915,
    4.940103567417536,
    -0.07238954925164781,
    3.2250099561646133,
    25.75051389076136,
    47.76429338718728,
    -0.07238954925164799,
    -0.07238954925164769,
    0.0,
    0.0,
    -0.07238954925164799,
    20.98006497475568,
    -0.06473195147697505,
    0.01438434247275767,
    -4.012043580673113,
    0.07331535693691792,
    1.6632643033532561,
    0.0642679231545692,
    0.05366150508774333,
    1.67637234156852,
    -0.07238954925164799,
    0.0,
    -0.4579974795047508,
    -0.07238954925164799
  ],
  "train_stats": {
    "mean": [
      4.036342894393742,
      335.3189374185137,
      77.65226258148631,
      20.665486114732726,
      66.0,
      123.0650260756193,
      7.10671447196871e-05,
      4.1473435462842246e-05,
      0.5180899608865711,
      3.5182529335071706,
      1.0,
      0.0,
      1.481910039113429,
      1.5542698826597132,
      120.41264667535854,
      40.13754889178618,
      7.049970045632332,
      34.19393741851369,
      49.80769230769231,
      7.757692307692308e-05,
      2.8064374185136897e-05,
      0.5180899608865711,
      1.5542698826597132,
      0.0,
      0.0,
      0.5180899608865711,
      0.0002883368644067797,
      5.590612777053455,
      455.73158409387224,
      1.9881042046936113,
      64.86998953715775,
      1.1802477183833116,
      3.2265319426336374,
      3.383311603650587,
      0.10784558344198175,
      0.5180899608865711,
      1.0,
      0.6116362451108214,
      0.5180899608865711
    ],
    "std": [
      1.9722196913239303,
      196.73244014429616,
      11.440680755510542,
      20.49217691426696,
      0.0,
      56.347799312708204,
      8.758960055408501e-05,
      9.727199435057422e-05,
      0.4996726461545822,
      1.4754596035238983,
      0.0,
      0.0,
      1.4755720618691714,
      1.4990179384637465,
      130.20888667297024,
      43.40296222432341,
      28.004860145419816,
      32.97839464620242,
      75.42781835481604,
      0.0001333039505617992,
      0.00010618304130811175,
      0.4996726461545822,
      1.4990179384637465,
      0.0,
      0.0,
      0.4996726461545822,
      0.00041288651614223437,
      3.4675253363562044,
      316.0118588512912,
      0.06356610751566774,
      64.77745212948318,
      0.38439365031295974,
      2.0019189213411557,
      2.3474462221755292,
      0.23039111576262086,
      0.4996726461545822,
      0.0,
      0.48737803477132263,
      0.4996726461545822
    ],
    "median": [
      5.0,
      467.0,
      83.3333,
      28.4644,
      66.0,
      146.0,
      5e-05,
      2.2e-05,
      1.0,
      4.0,
      1.0,
      0.0,
      1.0,
      3.0,
      210.0,
      70.0,
      3.266,
      66.0,
      74.0,
      4.8e-05,
      5e-06,
      1.0,
      3.0,
      0.0,
      0.0,
      1.0,
      0.000171,
      8.0,
      710.0,
      2.0,
      2.5667,
      1.0,
      2.0,
      5.0,
      0.0,
      1.0,
      1.0,
      1.0,
      1.0
    ],
    "p95": [
      6.0,
      539.0,
      89.8333,
      42.8502,
      66.0,
      185.0,
      0.000154,
      0.000115,
      1.0,
      5.0,
      1.0,
      0.0,
      3.0,
      3.0,
      210.0,
      70.0,
      3.266,
      66.0,
      74.0,
      0.00021325,
      8.4e-05,
      1.0,
      3.0,
      0.0,
      0.0,
      1.0,
      0.0007375,
      9.0,
      749.0,
      2.0,
      132.0,
      2.0,
      6.0,
      6.0,
      0.6226,
      1.0,
      1.0,
      1.0,
      1.0
    ],
    "p99": [
      6.0,
      539.0,
      93.4,
      50.8944,
      66.0,
      195.0,
      0.000266,
      0.0002542999999999993,
      1.0,
      5.0,
      1.0,
      0.0,
      3.0,
      3.0,
      531.0,
      177.0,
      151.3561,
      66.0,
      391.0,
      0.00037064999999999966,
      0.000235,
      1.0,
      3.0,
      0.0,
      0.0,
      1.0,
      0.0012799499999999989,
      9.0,
      998.0,
      2.0,
      132.0,
      2.0,
      6.0,
      7.0,
      0.6226,
      1.0,
      1.0,
      1.0,
      1.0
    ]
  },
  "score_stats": {
    "min": 17.64985614503617,
    "median": 23.504455964174518,
    "p95": 41.350212733404994,
    "p99": 52.98497187198172,
    "max": 84.19201019874149
  }
}